id, count, Price
1,2,0.5500000715
1,4,0.5799999237
1,5,0.5599999428
1,2,0.4799998999
1,6,0.5399999619
1,3,0.5799999237
1,2,0.6499996185
1,5,0.4899997711
1,7,0.5799999237
1,2,0.4900000095
1,2,0.4900000095
2,2,0.6899995804
2,4,0.6899995804
2,1,0.5799999237
2,2,0.5799999237
2,3,0.5799999237
2,2,0.4899997711
2,2,0.6899995804
2,1,0.6899995804
2,3,0.529999733
2,4,0.6799998283
2,2,0.5799999237
3,1,0.7899999619
3,2,0.5899996758
3,2,0.7899999619
3,2,0.5
3,2,0.6700000167
3,2,0.5899996758
3,1,0.5799999237
3,1,0.7899999619
3,1,0.5799999237
3,1,0.5799999237
3,2,0.7899999619
3,1,0.5899996758
3,1,0.5499997139
3,1,0.7899999619
3,1,0.6899995804
3,1,0.5899996758
3,2,0.7899999619
3,2,0.7899999619
3,1,0.7899999619
3,1,0.529999733
3,1,0.7899999619
3,2,0.7899999619
3,1,0.6699995995
3,2,0.7899999619
3,2,0.7899999619
3,1,0.5499997139
4,2,0.5499997139
4,2,0.5899996758
4,2,0.5899996758
4,2,0.4799998999
4,3,0.5399999619
4,1,0.5799999237
4,3,0.4699997902
4,2,0.4699997902
5,2,0.5899996758
5,2,0.6799998283
5,1,0.6799998283
5,2,0.6799998283
5,1,0.6799998283
5,2,0.7899999619
5,2,0.5799999237
5,3,0.6899995804
5,4,0.5899996758
5,4,0.6799998283
6,2,0.5
6,2,0.5899996758
6,1,0.5499997139
6,2,0.5899996758
6,2,0.5899996758
6,2,0.529999733
6,1,0.7899999619
6,2,0.5399999619
7,6,0.5799999237
7,4,0.5599999428
7,6,0.529999733
7,2,0.4699997902
7,6,0.5399999619
8,1,0.5799999237
8,3,0.5399999619
8,2,0.7899999619
8,2,0.5399999619
8,2,0.4899998903
9,2,0.5899996758
9,2,0.4799998999
9,2,0.5399999619
9,2,0.6899995804
9,3,0.5799999237
9,2,0.6899995804
9,4,0.5899996758
9,3,0.5899996758
9,3,0.5499997139
9,4,0.5399999619
9,2,0.6799998283
10,2,0.5
10,3,0.6899995804
10,3,0.6899995804
10,3,0.6899995804
10,3,0.6899995804
11,4,0.5899996758
11,2,0.6700000167
11,2,0.5499997139
11,2,0.5499997139
11,3,0.6899995804
11,2,0.7899999619
11,1,0.6899995804
11,2,0.7899999619
11,1,0.7899999619
11,2,0.5899996758
11,1,0.5899996758
11,1,0.7899999619
12,1,0.7899999619
12,1,0.5899996758
12,1,0.5899996758
12,1,0.5899996758
12,1,0.7899999619
12,1,0.7899999619
12,1,1.4899997711
12,1,0.7899999619
12,1,1.4899997711
12,1,1.4899997711
12,1,1.4899997711
12,1,1.4899997711
12,1,1.4899997711
12,1,1.4899997711
12,1,0.6899995804
12,1,0.5499997139
12,1,0.6799998283
12,2,0.4899998903
13,2,0.7899999619
13,1,0.6899995804
13,1,0.6899995804
13,4,0.5499997139
13,1,0.4899996519
13,1,0.6899995804
13,4,0.5899996758
13,6,0.4899997711
13,2,0.6799998283
14,1,0.7899999619
14,1,0.5599999428
14,1,0.6899995804
14,1,0.5599999428
14,1,0.5799999237
14,1,0.5399999619
14,1,0.5499997139
14,1,0.6799998283
14,1,0.6899995804
14,1,0.6799998283
15,3,0.5899996758
15,3,0.5799999237
15,3,0.5799999237
15,3,0.5499997139
15,3,0.5799999237
15,2,0.5599999428
15,2,0.6899995804
15,3,0.6799998283
15,9,0.529999733
15,2,0.3949999809
15,4,0.5399999619
15,4,0.5399999619
15,2,0.4899998903
16,4,0.4899997711
16,1,0.6899995804
16,4,0.5499997139
16,3,0.6799998283
16,5,0.5399999619
17,2,0.5
17,2,0.6700000167
17,2,0.5599999428
17,1,0.6899995804
17,1,0.4799998999
17,1,0.6799998283
17,2,0.5799999237
17,6,0.5399999619
17,2,0.5499997139
17,1,0.5399999619
17,1,0.5399999619
17,2,0.5899996758
17,2,0.5899996758
17,2,0.4899998903
17,1,0.6799998283
17,1,0.6699995995
17,1,0.6699995995
17,2,0.529999733
17,4,0.529999733
17,2,0.7899999619
17,1,0.5799996257
17,2,0.7899999619
17,4,0.4699997902
17,2,0.5399999619
17,2,0.4899998903
18,3,0.5799999237
18,2,0.5799999237
18,4,0.5499997139
18,2,0.5899996758
18,2,0.7899999619
18,1,0.4699997902
18,2,0.5499997139
19,1,0.4799998999
19,1,0.4799998999
19,2,0.5799999237
19,3,0.4899997711
19,1,0.4899996519
19,2,0.5799999237
19,1,0.6899995804
19,2,0.4899997711
19,2,0.5899996758
19,1,0.5899996758
20,2,0.5799999237
20,1,0.5899996758
20,1,0.6899995804
20,2,0.7899999619
20,2,0.5399999619
21,2,0.5899996758
21,4,0.5599999428
21,2,0.5799998641
21,2,0.5399999619
21,6,0.5399999619
21,2,0.4899996519
21,2,0.5899996758
21,2,0.6899995804
21,2,0.5899996758
21,8,0.4899997711
21,2,0.7899999619
21,2,0.5499997139
21,4,0.5799999237
21,4,0.5399999619
21,2,0.5399999619
21,2,0.4899998903
22,2,0.6700000167
22,3,0.5899996758
22,1,0.6899995804
22,1,0.6799998283
22,2,0.5799999237
22,2,0.5799999237
22,2,0.6799998283
22,1,0.6799998283
22,1,0.6799998283
22,3,0.5899996758
22,2,0.7899999619
22,2,0.3949999809
22,2,0.4699997902
22,2,0.5399999619
23,1,0.6899995804
23,2,0.6899995804
23,1,0.6899995804
23,1,0.5499997139
23,1,0.5899996758
23,1,0.5899996758
23,1,0.5899996758
23,1,0.6899995804
23,1,0.6899995804
23,2,0.6899995804
23,1,0.6899995804
23,1,0.6899995804
23,1,0.6499996185
23,1,0.6499996185
23,1,0.6499996185
23,1,0.6699995995
24,2,0.5799999237
24,2,0.5799999237
24,2,0.5799999237
24,2,0.4549999237
24,2,0.5499997139
24,3,0.4899997711
24,2,0.5899996758
24,1,0.6799998283
24,1,0.7899999619
24,2,0.5899996758
24,2,0.5899996758
24,4,0.529999733
24,2,0.3949999809
24,2,0.6899995804
24,1,0.7899999619
24,1,0.7899999619
24,2,0.6899995804
24,4,0.5799999237
24,2,0.5399999619
24,2,0.5399999619
24,2,0.5499997139
25,2,0.5
25,1,0.7899999619
25,1,0.5899996758
25,2,0.5799999237
25,1,0.5799999237
25,1,0.5499997139
25,1,0.6899995804
25,1,0.4699997902
25,1,0.5399999619
26,1,0.5500000715
26,2,0.5
26,2,0.5899996758
26,2,0.5599999428
26,2,0.5799999237
26,1,0.4899996519
26,2,0.7899999619
27,1,0.5799999237
27,2,0.5599999428
27,1,0.5599999428
27,2,0.5399999619
27,1,0.7299995422
27,1,0.6499996185
27,2,0.4899997711
27,2,0.5499997139
27,1,0.5799999237
27,1,0.5899996758
27,2,0.5899996758
28,2,0.5499997139
28,2,0.7899999619
28,3,0.6899995804
28,2,0.4799998999
28,2,0.5799999237
28,2,0.5899996758
28,1,0.4899996519
28,1,0.6899995804
28,4,0.6899995804
28,2,0.6699995995
28,2,0.6899995804
28,2,0.5899996758
28,2,0.6899995804
28,2,0.4899996519
28,1,0.0999999046
28,3,0.6899995804
28,2,0.6899995804
28,1,0.6799998283
28,1,0.6799998283
29,3,0.7899999619
29,3,0.7899999619
29,4,0.5899996758
29,2,0.5
29,3,0.7899999619
29,3,0.5899996758
29,2,0.5899996758
29,4,0.5799999237
29,3,0.5799999237
29,1,1.4899997711
29,4,0.5899996758
29,2,0.5799999237
29,3,0.7899999619
29,2,1.4899997711
29,2,0.5599999428
29,2,0.7899999619
29,3,0.7899999619
29,2,0.6899995804
29,2,0.7899999619
29,3,0.7899999619
29,3,0.7899999619
29,3,0.7899999619
29,4,0.5899996758
29,3,0.529999733
29,2,0.7899999619
29,2,0.7899999619
29,2,0.7899999619
29,3,0.6699995995
29,3,0.7899999619
29,2,0.5399999619
29,4,0.5399999619
30,2,0.7899999619
30,3,0.7899999619
30,1,0.7899999619
30,3,0.7899999619
30,2,0.7899999619
30,2,0.4799998999
30,4,0.7899999619
30,2,0.7899999619
30,2,0.5899996758
30,4,0.7899999619
30,2,0.6799998283
31,2,0.4899996519
31,2,0.6699995995
31,2,0.6799998283
31,2,0.5499997139
31,2,0.5799999237
32,1,0.7899999619
32,1,0.7899999619
32,1,0.7899999619
32,1,0.7899999619
32,1,0.7899999619
32,1,0.7899999619
32,1,0.7899999619
32,1,0.7899999619
32,1,0.7899999619
32,1,0.7899999619
32,1,0.5499997139
32,1,0.7899999619
32,2,0.6799998283
32,1,0.7899999619
32,1,0.7899999619
32,1,0.7899999619
32,1,0.7899999619
32,1,0.7899999619
32,2,0.7899999619
32,3,0.6799998283
32,2,0.6799998283
32,2,0.5499997139
32,1,0.5499997139
32,1,0.7899999619
32,1,0.5599999428
32,1,0.7899999619
32,2,0.7899999619
32,1,0.6799998283
32,1,0.7699999809
32,1,0.7899999619
32,1,0.9899997711
32,2,0.5899996758
32,1,0.6799998283
32,2,0.6799998283
32,1,0.7899999619
32,2,0.6799998283
32,1,0.6699995995
32,1,0.7899999619
32,2,0.7899999619
32,2,0.6799998283
33,2,0.6899995804
33,2,0.6899995804
33,3,0.5799999237
33,2,0.5799999237
33,1,0.7899999619
33,2,0.5499997139
33,2,0.5599999428
33,1,0.7899999619
34,4,0.6899995804
34,1,0.7299995422
34,3,0.5799999237
34,2,0.7299995422
34,3,0.5399999619
34,2,0.6899995804
34,3,0.4899997711
34,3,0.6799998283
34,1,0.6799998283
34,3,0.6899995804
34,3,0.7699999809
34,1,0.7699999809
34,1,0.7899999619
34,3,0.6799998283
34,2,0.5899996758
34,2,0.6899995804
34,3,0.6899995804
34,3,0.6799998283
34,2,0.5499997139
34,1,0.6799998283
34,6,0.4899997711
34,3,0.6899995804
34,3,0.5899996758
34,2,0.5899996758
34,2,0.4900000095
35,3,0.5799999237
35,2,0.5799999237
35,2,0.6899995804
35,2,0.5899996758
35,4,0.7899999619
36,2,0.6799998283
36,1,0.4799998999
36,1,0.6799998283
36,3,0.5399999619
36,4,0.5499997139
36,4,0.5499997139
36,4,0.5799999237
36,2,0.4899996519
36,1,0.6799998283
36,3,0.6799998283
36,3,0.5499997139
36,4,0.5799999237
36,3,0.5499997139
36,1,0.5699996948
37,2,0.7899999619
37,2,0.7899999619
37,2,0.5
37,1,0.7899999619
37,1,0.7899999619
37,1,0.7899999619
37,1,0.5799999237
37,1,0.5799999237
37,2,0.7899999619
37,2,0.5899996758
37,2,0.7899999619
37,2,0.7899999619
37,2,0.529999733
37,2,0.7899999619
37,1,0.7899999619
37,2,0.6799998283
37,2,0.5399999619
38,3,0.7899999619
38,2,0.6899995804
38,3,0.6899995804
38,2,0.6899995804
38,2,0.6899995804
38,2,0.6899995804
38,3,0.6899995804
38,2,0.6899995804
38,3,0.6899995804
38,2,1.0799999237
38,3,1.0799999237
38,2,0.6899995804
38,2,0.6899995804
38,2,0.6899995804
38,2,0.6899995804
38,2,0.7899999619
39,2,0.5899996758
39,2,0.6700000167
39,3,0.5399999619
39,2,0.7899999619
39,2,0.5899996758
39,2,0.6899995804
39,2,0.4899997711
39,3,0.6899995804
39,2,0.5899996758
40,2,0.4799998999
40,2,0.5799999237
40,1,0.4899996519
40,2,0.5899996758
40,2,0.6799998283
41,3,0.6799998283
41,4,0.5899996758
41,4,0.5499997139
41,2,0.7899999619
41,2,0.6700000167
41,2,0.7899999619
41,4,0.5899996758
41,2,0.5799999237
41,2,0.7299995422
41,4,0.5799999237
41,4,0.5499997139
41,4,0.5899996758
41,2,0.6799998283
41,4,0.5499997139
41,6,0.5599999428
41,2,0.6799998283
41,2,0.6899995804
41,3,0.6799998283
41,1,0.7899999619
41,2,0.6699995995
41,4,0.5899996758
41,6,0.5899996758
41,2,0.7899999619
41,3,0.6799998283
41,4,0.5899996758
41,2,0.7899999619
41,2,0.529999733
41,2,0.7899999619
41,2,0.7899999619
41,2,0.6799998283
41,3,0.6699995995
41,2,0.6799998283
41,2,0.7899999619
41,6,0.5399999619
42,3,0.5799999237
42,2,0.5799999237
42,2,0.7899999619
42,2,0.6899995804
42,2,0.7899999619
42,2,0.5499997139
43,2,0.5799999237
43,1,0.7899999619
43,1,0.7899999619
43,3,0.6799998283
43,2,0.5599999428
43,1,0.6799998283
43,2,0.6899995804
43,1,0.6799998283
44,1,0.7899999619
44,2,0.5799999237
44,1,0.5799999237
44,2,0.5799999237
44,2,0.5799999237
44,2,0.5499997139
44,2,0.5499997139
44,2,0.7899999619
44,1,0.7899999619
44,2,0.7899999619
44,2,0.5899996758
44,6,0.4899997711
44,3,0.529999733
44,6,0.4899997711
45,2,0.7899999619
45,2,0.5599999428
45,3,0.6899995804
45,1,0.7899999619
45,2,0.7899999619
45,2,0.4899998903
46,1,0.7899999619
46,2,0.7899999619
46,1,0.7899999619
46,2,0.7899999619
46,1,0.5899996758
46,2,0.7899999619
46,2,0.7899999619
46,2,0.6899995804
46,2,0.7899999619
46,2,0.529999733
46,2,0.7899999619
46,1,0.7899999619
46,2,0.7899999619
46,3,0.6699995995
46,2,0.7899999619
46,1,0.5399999619
46,2,0.7899999619
46,1,0.7899999619
47,2,0.6899995804
47,4,0.5599999428
47,4,0.6899995804
47,3,0.6899995804
47,2,0.5499997139
47,3,0.6799998283
47,2,0.6899995804
47,1,0.6799998283
48,2,0.7899999619
48,3,0.7899999619
48,2,0.7899999619
48,3,0.6899995804
48,4,0.5899996758
48,2,0.7899999619
48,3,0.7899999619
48,2,0.6899995804
48,2,0.6899995804
48,3,0.5499997139
48,2,0.7899999619
48,2,0.7899999619
48,2,0.5799999237
48,4,0.5899996758
48,2,0.4099998474
48,2,0.7899999619
48,3,0.6799998283
48,1,1.4899997711
48,4,0.5899996758
49,1,0.6899995804
49,2,0.5899996758
49,2,0.6899995804
49,1,0.6899995804
49,2,0.6799998283
49,2,0.6799998283
49,4,0.4599997997
49,2,0.6699995995
49,2,0.6799998283
49,1,0.6799998283
49,2,0.6699995995
49,2,0.6799998283
49,2,0.6899995804
49,2,0.6899995804
49,2,0.6699995995
49,2,0.6699995995
49,3,0.5699996948
50,2,0.5
50,3,0.5799999237
50,2,0.5799999237
50,2,0.5399999619
50,2,0.5899996758
50,4,0.5799999237
50,2,0.5399999619
51,2,0.6799998283
51,1,0.6799998283
51,2,0.5799999237
51,3,0.6599998474
51,1,0.7899999619
51,3,0.5599999428
51,1,0.6799998283
51,1,0.6899995804
51,1,0.6899995804
51,1,0.6899995804
51,2,0.5799999237
51,2,0.5399999619
51,1,0.4900000095
51,1,0.4900000095
51,1,0.6799998283
51,2,0.5799999237
51,2,0.4899998903
51,2,0.4899997711
51,2,0.6799998283
51,1,0.6799998283
51,1,0.5799999237
51,2,0.6799998283
51,1,0.6799998283
51,1,0.6799998283
51,1,0.5799999237
51,2,0.6599998474
51,1,0.4899998903
52,2,0.6899995804
52,4,0.6899995804
52,1,0.4899997711
52,2,0.6899995804
52,2,0.5899996758
52,6,0.7899999619
52,1,0.5899996758
52,1,0.6699995995
52,2,0.5499997139
52,1,0.6799998283
52,1,0.6699995995
53,2,0.6799998283
53,1,0.5599999428
53,1,0.5799999237
53,2,0.7899999619
53,1,0.7899999619
53,1,0.5799999237
53,1,0.5899996758
53,2,0.7899999619
53,2,0.5799999237
53,1,0.7899999619
53,1,0.6899995804
53,2,0.6699995995
53,2,0.5599999428
53,2,0.6899995804
53,2,0.6499996185
53,3,0.4899997711
53,1,0.6899995804
53,2,0.7899999619
53,1,0.6899995804
53,3,0.6699995995
53,1,0.7899999619
53,2,0.5499997139
53,1,0.5899996758
53,2,0.4699997902
53,2,0.5399999619
53,1,0.5399999619
53,1,0.4900000095
54,1,0.9899997711
54,2,0.5899996758
54,2,0.7899999619
54,2,0.7899999619
54,1,0.7899999619
54,2,0.7899999619
54,1,0.7899999619
55,2,0.5499997139
55,2,0.5899996758
55,3,0.5899996758
55,1,0.6799998283
55,1,0.6799998283
55,2,0.6799998283
55,2,0.7899999619
55,2,0.7899999619
56,2,0.7899999619
56,4,0.5599999428
56,3,0.7899999619
56,6,0.5799999237
56,5,0.6899995804
56,3,0.7899999619
56,3,0.7899999619
56,3,0.5899996758
57,1,0.5899996758
57,1,0.7899999619
57,2,0.5899996758
57,1,0.7899999619
57,1,0.7899999619
57,1,0.7899999619
57,2,0.5899996758
57,1,0.5799999237
57,1,0.7899999619
57,1,0.5499997139
57,1,0.6899995804
57,1,0.7899999619
57,2,0.7899999619
57,3,0.5899996758
57,2,0.5899996758
57,1,0.7899999619
57,1,0.7899999619
57,1,0.8899998665
57,1,0.7899999619
57,1,0.5399999619
57,1,0.5399999619
57,1,0.5499997139
58,1,0.7899999619
58,2,0.6799998283
58,1,0.7299995422
58,3,0.6599998474
58,2,0.5599999428
58,1,0.6799998283
58,2,0.4799998999
58,4,0.5599999428
58,2,0.5799999237
58,2,0.5399999619
58,1,0.6799998283
58,2,0.5399999619
58,1,0.6799998283
58,1,0.6799998283
58,3,0.6799998283
58,3,0.5799999237
58,2,0.6799998283
58,4,0.5799999237
58,2,0.4899998903
58,2,0.6799998283
58,2,0.6799998283
58,2,0.6799998283
58,1,0.6799998283
58,2,0.5499997139
58,2,0.5799999237
58,1,0.6799998283
58,2,0.5499997139
58,3,0.5799999237
58,2,0.5399999619
58,2,0.4899998903
59,2,0.5
59,2,0.5899996758
59,4,0.5799999237
59,2,0.5499997139
59,2,0.5899996758
59,1,0.5899996758
59,2,0.5899996758
59,2,0.7899999619
60,4,0.5499997139
60,1,0.5599999428
60,1,0.4799998999
60,1,0.5599999428
60,1,0.5799999237
60,1,0.5799999237
60,1,0.5399999619
60,2,0.6799998283
60,1,0.6799998283
60,1,0.6799998283
60,2,0.6799998283
60,1,0.4899996519
60,1,0.6899995804
60,1,0.4899996519
60,1,0.6699995995
60,1,0.5799999237
60,2,0.5799999237
60,2,0.6799998283
60,3,0.6799998283
60,2,0.4900000095
60,2,0.6799998283
60,2,0.4899997711
60,2,0.4899997711
60,2,0.5499997139
60,2,0.6799998283
60,2,0.6799998283
60,1,0.5499997139
60,1,0.6799998283
60,1,0.6799998283
60,2,0.5799999237
60,1,0.6799998283
60,2,0.6899995804
60,1,0.6799998283
60,1,0.6599998474
60,2,0.5399999619
60,2,0.4899998903
61,2,0.6700000167
61,2,0.5599999428
61,2,0.7899999619
61,1,0.6799998283
61,2,0.5799999237
61,4,0.5899996758
61,4,0.529999733
62,2,0.6799998283
62,2,0.7899999619
62,2,0.5799999237
62,2,0.7899999619
62,2,0.7899999619
62,2,0.5799999237
62,2,0.7299995422
63,2,0.7699999809
63,3,0.6799998283
63,2,0.6599998474
63,2,0.6799998283
63,2,0.5799999237
63,2,0.5399999619
63,2,0.6899995804
63,2,0.4899996519
64,2,0.5899996758
64,2,0.6799998283
64,1,0.5399999619
64,1,0.4899996519
64,2,0.5599999428
64,2,0.5499997139
64,1,0.5799999237
64,2,0.6799998283
65,2,0.7899999619
65,2,0.7899999619
65,2,0.7899999619
65,2,0.7899999619
65,2,0.7899999619
65,2,0.7899999619
65,4,0.5599999428
65,3,0.6799998283
65,3,0.5599999428
65,2,0.5599999428
65,4,0.7299995422
65,4,0.6899995804
65,4,0.5899996758
65,5,0.5399999619
65,2,0.6899995804
65,3,0.4899997711
65,3,0.4899997711
65,2,0.6899995804
65,2,0.6899995804
65,3,0.6699995995
65,2,0.6899995804
65,2,0.6899995804
65,3,0.6899995804
65,4,0.6899995804
65,2,0.6899995804
65,3,0.6899995804
65,2,0.6899995804
65,4,0.6899995804
65,4,0.6799998283
65,3,0.5499997139
65,3,0.6799998283
65,3,0.6899995804
65,3,0.5799999237
65,3,0.6899995804
65,4,0.6899995804
65,3,0.5499997139
65,6,0.6799998283
65,2,0.6799998283
65,2,0.6499996185
65,2,0.6499996185
65,2,0.6499996185
65,3,0.5399999619
66,4,0.7899999619
66,2,0.7899999619
66,6,0.7899999619
66,6,0.5499997139
66,6,0.5799999237
66,4,0.7899999619
66,4,0.6899995804
66,3,0.7899999619
66,4,0.5899996758
66,6,0.7899999619
66,3,0.6799998283
66,4,0.6799998283
66,6,0.5799999237
66,3,0.6699995995
66,3,0.7899999619
66,6,0.5799999237
66,6,0.5399999619
67,2,0.5500000715
67,3,0.4899997711
67,1,0.4899997711
67,1,0.4900000095
67,1,0.7899999619
67,1,0.2499997616
67,4,0.4899997711
67,1,0.6899995804
67,1,0
68,4,0.4899997711
68,2,0.6899995804
68,2,0.6899995804
68,2,0.4899996519
68,2,0.6899995804
68,2,0.7699999809
69,2,0.5899996758
69,2,0.5599999428
69,1,0.2499997616
69,2,0.5599999428
69,2,0.4899996519
69,1,0.7899999619
69,2,0.5799999237
70,2,0.5499997139
70,2,0.5499997139
70,2,0.5799999237
70,5,0.6899995804
70,2,0.4699997902
71,1,0.4900000095
71,1,0.7899999619
71,2,0.5
71,1,0.5500000715
71,1,0.5599999428
71,1,0.6899995804
71,2,0.4799998999
71,1,0.5499997139
71,1,0.5799999237
71,1,0.4899997711
71,1,0.5799999237
71,2,0.5499997139
71,1,0.4899996519
71,1,0.6899995804
71,1,0.529999733
71,1,0.7899999619
71,1,0.7899999619
71,1,0.4899998903
72,1,0.4899997711
72,2,0.5899996758
72,1,0.6899995804
72,1,0.6899995804
72,2,0.4499996901
72,3,0.4899997711
72,1,0.6899995804
72,1,0
72,1,0.6799998283
72,1,0.6899995804
72,2,0.7899999619
72,2,0.5799999237
73,3,0.7899999619
73,2,0.6899995804
73,3,0.7899999619
73,4,0.5799999237
73,2,0.5899996758
73,2,0.5599999428
73,2,0.6699995995
73,2,0.7899999619
73,2,0.6899995804
73,3,0.4899997711
73,2,0.7899999619
73,2,0.6799998283
73,2,0.4699997902
73,1,0.4899998903
74,1,0.7899999619
74,2,0.5599999428
74,2,0.6899995804
74,1,0.6799998283
74,1,0.6699995995
74,1,0.6899995804
74,1,0.7899999619
74,1,0.7899999619
74,1,0.6899995804
74,2,0.6899995804
74,2,0.4899997711
75,3,0.7899999619
75,1,1.4899997711
75,2,0.7899999619
75,2,0.5499997139
75,3,0.5799999237
75,1,0.7899999619
75,1,1.4899997711
75,2,0.7899999619
75,1,0.7899999619
75,3,0.7899999619
76,1,0.7899999619
76,2,0.6700000167
76,3,0.5399999619
76,1,0.5399999619
76,1,0.4899996519
76,1,0.6799998283
76,1,0.6699995995
76,1,0.5599999428
76,1,0.5799999237
76,1,0.6899995804
76,2,0.5899996758
76,1,0.4899996519
76,1,0.5899996758
76,1,0.5499997139
76,1,0.5799999237
76,2,0.7899999619
76,2,0.5499997139
76,3,0.5799999237
76,2,0.5399999619
77,3,0.6899995804
77,4,0.6899995804
77,6,0.6699995995
77,4,0.6699995995
77,6,0.5499997139
77,3,0.6699995995
77,4,0.6799998283
77,3,0.6799998283
78,1,0.6899995804
78,1,0.6899995804
78,1,0.6899995804
78,1,0.6899995804
78,1,0.5899996758
78,1,0.6799998283
78,1,0.6799998283
78,1,0.5499997139
78,1,0.6799998283
78,1,0.6799998283
78,1,0.4899996519
78,1,0.6699995995
78,1,0.6699995995
78,1,0.6699995995
78,1,0.6699995995
78,1,0.6699995995
78,1,0.6699995995
78,1,0.6699995995
78,2,0.5899996758
78,1,0.5899996758
78,1,0.5899996758
78,2,0.5899996758
78,1,0.5899996758
78,1,0.5899996758
78,1,0.6899995804
78,1,0.6899995804
78,1,0.6899995804
78,2,0.6899995804
78,1,0.6899995804
78,1,0.6899995804
78,1,0.6899995804
78,1,0.6899995804
78,1,0.6899995804
78,1,0.6899995804
78,1,0.6899995804
78,1,0.6899995804
78,1,0.6899995804
78,1,0.6899995804
78,1,0.6499996185
78,1,0.6499996185
78,1,0.6499996185
78,1,0.6499996185
78,2,0.5699996948
79,2,0.5899996758
79,1,0.7899999619
79,1,0.7899999619
79,1,0.7899999619
79,1,0.7899999619
79,2,0.5799999237
79,1,0.5499997139
79,1,0.7899999619
79,1,0.5799999237
80,1,0.5500000715
80,1,0.5899996758
80,1,0.7899999619
80,1,0.5799999237
80,1,0.5899996758
80,1,0.529999733
80,1,0.5399999619
81,2,0.6700000167
81,2,0.7899999619
81,2,0.7899999619
81,1,0.4499996901
81,1,0.6899995804
81,1,0.5399999619
81,2,0.5599999428
81,1,0.6799998283
81,1,0.6699995995
81,1,0.6699995995
81,1,0.7899999619
81,1,0.5899996758
81,1,0.5899996758
81,1,0.6899995804
81,1,0.6899995804
81,1,0.6899995804
81,1,0.6899995804
81,2,0.6899995804
81,1,0.7899999619
81,1,0.6499996185
81,2,0.6499996185
81,2,0.6499996185
81,2,0.4899998903
82,2,0.5
82,2,0.5899996758
82,4,0.5799999237
82,2,0.5799999237
82,3,0.4899997711
82,2,0.5499997139
82,4,0.6899995804
82,2,0.5399999619
83,1,0.7899999619
83,1,0.6799998283
83,1,0.6799998283
83,2,0.5799999237
83,1,0.7899999619
83,1,0.5599999428
83,1,0.7299995422
83,1,0.5799999237
83,1,0.5399999619
83,1,0.6799998283
83,1,0.5599999428
83,1,0.6899995804
84,1,0.7899999619
84,1,0.5799999237
84,2,0.5399999619
84,1,0.5799999237
84,2,0.6799998283
84,1,0.5599999428
84,2,0.5899996758
84,1,0.5899996758
84,1,0.7899999619
84,3,0.6699995995
84,1,0.5399999619
85,2,0.4799998999
85,1,0.5599999428
85,1,0.4899996519
85,2,0.6899995804
85,1,0.6799998283
86,1,0.6899995804
86,2,0.6699995995
86,1,0.6799998283
86,1,0.6899995804
86,1,0.6899995804
86,2,0.6699995995
87,2,0.5899996758
87,1,0.7899999619
87,1,0.7899999619
87,2,0.7899999619
87,1,0.7899999619
87,4,0.7899999619
87,4,0.5599999428
87,2,0.6799998283
87,2,0.7899999619
87,2,0.6899995804
87,2,0.5899996758
87,2,0.5899996758
87,1,0.6899995804
87,2,0.8899998665
87,1,0.5899996758
87,2,0.5899996758
87,1,0.0999999046
87,1,0.6899995804
87,4,0.5699996948
88,1,0.7899999619
88,2,0.5599999428
88,2,0.6799998283
88,1,0.2499997616
88,1,0.6899995804
88,1,0.4899996519
88,2,0.5799999237
88,2,0.6899995804
88,1,0.5899996758
88,1,0.5899996758
88,2,0.4899997711
88,1,0.5499997139
88,1,0.6499996185
88,2,0.6799998283
89,1,0.7899999619
89,1,0.5799999237
89,2,0.5499997139
89,1,0.5899996758
89,2,0.7899999619
89,2,0.5599999428
89,1,0.6899995804
89,1,0.6899995804
89,4,0.5899996758
89,4,0.5899996758
89,1,0.529999733
89,2,0.7899999619
89,2,0.4699997902
90,2,0.5799999237
90,2,0.5599999428
90,2,0.6799998283
90,2,0.4799998999
90,2,0.5399999619
90,3,0.6899995804
90,2,0.6899995804
90,1,0.6899995804
90,2,0.6899995804
90,2,0.6899995804
90,2,0.6899995804
91,1,0.5899996758
91,1,0.5500000715
91,3,0.5799999237
91,1,0.5799999237
91,2,0.6899995804
91,2,0.529999733
91,2,0.7899999619
91,4,0.5399999619
92,2,0.6700000167
92,3,0.5499997139
92,2,0.5599999428
92,3,0.5899996758
92,2,0.5899996758
93,1,0.7899999619
93,2,0.7899999619
93,1,0.6899995804
93,1,0.4799998999
93,4,0.5899996758
93,2,0.5399999619
93,2,0.6699995995
93,1,0.6899995804
93,1,0.4899996519
93,2,0.6899995804
93,2,0.5899996758
93,4,0.5799999237
93,1,0.4899996519
93,1,0.0999999046
93,1,0.4899997711
93,2,0.5499997139
93,2,0.6799998283
93,2,0.6799998283
93,4,0.6799998283
93,4,0.5399999619
93,2,0.4900000095
94,1,0.6899995804
94,2,0.5899996758
94,1,0.6899995804
94,1,0.6899995804
94,2,0.5499997139
94,1,0.6699995995
94,3,0.6699995995
94,2,0.6699995995
94,2,0.6699995995
94,2,0.6699995995
94,2,0.6699995995
94,1,0.6699995995
94,2,0.6699995995
94,1,0.5799996257
94,1,0.6899995804
94,1,0.6799998283
94,4,0.6899995804
94,1,0.6699995995
95,2,0.6799998283
95,2,0.6799998283
95,1,0.4799998999
95,1,0.6799998283
95,2,0.5499997139
95,4,0.6799998283
95,2,0.6899995804
95,2,0.5799999237
96,2,0.6700000167
96,2,0.5899996758
96,2,0.5799999237
96,2,0.5499997139
96,2,0.5799999237
96,2,0.5899996758
96,3,0.5499997139
96,2,0.6899995804
96,2,0.5899996758
96,2,0.6899995804
96,2,0.7899999619
96,2,0.7899999619
96,2,0.5499997139
97,1,0.4799998999
97,1,0.5799999237
97,1,0.5599999428
97,1,0.4899996519
97,1,0.5899996758
97,1,0.6499996185
97,1,0.7899999619
97,2,0.6599998474
98,2,0.5799999237
98,1,0.3899999857
98,2,0.5799999237
98,1,0.6799998283
98,1,0.6899995804
98,2,0.5799999237
98,1,0.4899998903
99,2,0.5899996758
99,3,0.7899999619
99,2,0.5599999428
99,1,0.2499997616
99,1,0.4799998999
99,1,0.5399999619
99,2,0.6799998283
99,2,0.6899995804
99,2,0.4899996519
99,1,0.6899995804
99,2,0.7899999619
99,3,0.5399999619
99,1,0.4900000095
100,1,0.7899999619
100,2,0.6700000167
100,2,0.4499996901
100,2,0.5399999619
100,2,0.4899997711
100,1,0.4899996519
100,1,0.6899995804
100,2,0.4899997711
100,1,0.6799998283
100,2,0.5499997139
100,1,0.5799999237
100,2,0.7899999619
100,1,0.5499997139
100,2,0.4699997902
100,2,0.5399999619
101,4,0.7899999619
101,4,0.7899999619
101,4,0.7899999619
101,6,0.7899999619
101,4,0.5399999619
102,2,0.5
102,2,0.5899996758
102,2,0.5899996758
102,2,0.5799999237
102,4,0.7899999619
102,4,0.5799999237
102,2,0.5499997139
102,2,0.5799999237
102,2,0.529999733
102,2,0.7899999619
102,2,0.7899999619
102,2,0.4699997902
102,2,0.4699997902
102,2,0.7899999619
103,2,0.7899999619
103,6,0.5899996758
103,3,0.5799999237
103,2,0.5799999237
103,2,0.5799999237
104,2,0.6799998283
104,1,0.6799998283
104,1,0.6899995804
104,1,0.5599999428
104,1,0.5799999237
104,1,0.5799999237
104,2,0.5799999237
104,1,0.6899995804
105,1,0.6899995804
105,1,0.4899996519
105,1,0.4899996519
105,1,0.5499997139
105,1,0.4900000095
106,2,0.5499997139
106,1,0.5899996758
106,1,0.7899999619
106,1,0.5899996758
106,1,0.7899999619
106,1,0.7899999619
106,1,0.6899995804
106,1,0.7899999619
106,1,0.7899999619
107,3,0.5899996758
107,3,0.5799999237
107,2,0.5799999237
107,2,0.5899996758
107,1,0.5499997139
107,2,0.5899996758
107,1,0.5899996758
107,2,0.7899999619
107,2,0.7899999619
107,1,0.7899999619
107,3,0.5799999237
107,2,0.5399999619
107,1,0.5499997139
108,3,0.5899996758
108,2,0.7899999619
108,2,0.6799998283
108,2,0.6799998283
108,2,0.5799999237
108,1,0.7899999619
108,1,0.7899999619
108,2,0.6799998283
108,2,0.6899995804
108,2,0.3949999809
108,1,0.6799998283
108,1,0.7899999619
108,2,0.6799998283
109,2,0.6799998283
109,2,0.7899999619
109,2,0.6799998283
109,1,0.4799998999
109,1,0.6799998283
109,2,0.5599999428
109,2,0.5799999237
109,2,0.5399999619
109,2,0.5599999428
109,2,0.5399999619
109,1,0.4900000095
109,2,0.5799999237
109,2,0.6799998283
109,2,0.4899997711
109,2,0.6799998283
109,2,0.6799998283
109,2,0.6799998283
109,2,0.6799998283
109,2,0.5499997139
109,2,0.6599998474
109,2,0.5399999619
110,1,0.6799998283
110,1,0.4900000095
110,2,0.5
110,1,0.6899995804
110,2,0.6700000167
110,2,0.5899996758
110,2,0.4799998999
110,1,0.5899996758
110,2,0.5399999619
110,2,0.5499997139
110,2,0.5399999619
110,2,0.5799999237
110,2,0.4900000095
110,2,0.5799999237
110,2,0.7899999619
110,3,0.5899996758
110,2,0.5899996758
110,2,0.6799998283
110,1,0.7899999619
110,4,0.5899996758
110,2,0.529999733
110,2,0.7899999619
110,2,0.5799999237
110,2,0.4699997902
110,2,0.6799998283
111,1,0.7899999619
111,2,0.4900000095
111,3,0.6599998474
111,1,0.5599999428
111,1,0.5599999428
111,1,0.5599999428
111,1,0.6899995804
111,2,0.4799998999
111,1,0.5599999428
111,1,0.5399999619
111,1,0.5399999619
111,1,0.6899995804
111,1,0.4899996519
111,1,0.6899995804
111,1,0.4899996519
111,1,0.6899995804
111,2,0.6799998283
111,2,0.6799998283
111,1,0.0999999046
111,2,0.6799998283
111,2,0.5499997139
111,1,0.6799998283
111,2,0.6899995804
111,1,0.6799998283
111,3,0.5799999237
111,2,0.5399999619
112,1,0.6799998283
112,1,0.7299995422
112,1,0.6799998283
112,2,0.6899995804
112,1,0.6799998283
112,1,0.0999999046
112,1,0.6799998283
112,2,0.6799998283
113,2,0.5399999619
113,2,0.4900000095
113,6,0.5499997139
113,2,0.4899998903
113,4,0.4899997711
113,4,0.5499997139
113,10,0.5499997139
114,1,0.7899999619
114,1,0.7899999619
114,1,0.7899999619
114,1,0.6899995804
114,1,0.6899995804
114,1,0.7899999619
114,2,0.6899995804
114,1,0.6899995804
114,1,0.6899995804
114,1,0.5899996758
114,1,1.0799999237
114,1,0.6899995804
114,1,0.6899995804
114,1,0.7899999619
115,1,0.5799999237
115,1,0.5799999237
115,3,0.6599998474
115,2,0.6799998283
115,2,0.4799998999
115,1,0.7899999619
115,1,0.5599999428
115,3,0.5599999428
115,1,0.5399999619
115,1,0.5399999619
115,2,0.6799998283
115,1,0.4900000095
115,2,0.6799998283
116,1,0.6899995804
116,1,0.5799999237
116,1,0.4899996519
116,1,0.5899996758
116,1,0.5399999619
117,2,0.7899999619
117,3,0.7899999619
117,3,0.7899999619
117,3,0.7899999619
117,4,0.7899999619
117,1,0
117,1,0.4899996519
117,2,0.6899995804
117,2,0.6799998283
117,2,0.6799998283
117,3,0.6799998283
117,3,0.7899999619
117,4,0.6799998283
117,2,0.4900000095
117,1,0.3800001144
118,2,0.5500000715
118,1,0.7899999619
118,1,0.5799999237
118,1,0.5799999237
118,1,0.7899999619
118,1,0.7899999619
118,1,0.7899999619
118,1,0.7899999619
118,1,0.7899999619
118,2,0.5599999428
118,1,0.6799998283
118,1,0.7899999619
118,1,0.4799998999
118,1,0.5599999428
118,1,0.6799998283
118,2,0.5799999237
118,1,0.5799999237
118,1,0.5399999619
118,1,0.6899995804
118,2,0.5599999428
118,1,0.6899995804
118,1,0.5399999619
118,1,0.5799999237
118,1,0.6899995804
118,1,0.6899995804
118,1,0.4899996519
118,1,0.6799998283
118,1,0.6899995804
118,1,0.6699995995
118,1,0.6699995995
118,1,0.5799999237
118,1,0.6899995804
118,1,0.6899995804
118,2,0.6899995804
118,2,0.5799999237
118,1,0.6899995804
118,1,0.4899996519
118,1,0.4899996519
118,1,0.6899995804
118,1,0.4899997711
118,1,0.6799998283
118,1,0.6799998283
118,2,0.5499997139
118,1,0.6799998283
118,1,0.6799998283
118,1,0.4899997711
118,1,0.6799998283
118,1,0.6799998283
118,1,0.6799998283
118,1,0.6799998283
118,2,0.5799999237
118,1,0.6799998283
118,1,0.6799998283
118,1,0.6799998283
118,1,0.5399999619
118,2,0.4900000095
119,3,0.7899999619
119,2,0.7899999619
119,2,0.7899999619
119,2,0.5899996758
119,3,0.5899996758
119,2,0.5899996758
119,2,0.5
119,2,0.7899999619
119,2,0.7899999619
119,2,0.7899999619
119,2,0.5899996758
119,3,0.5899996758
119,2,0.6799998283
119,3,0.7899999619
119,2,0.6899995804
119,2,0.7899999619
119,1,0.7299995422
119,3,0.7299995422
119,1,0.7899999619
119,3,0.7899999619
119,3,0.5799999237
119,5,0.5799999237
119,3,0.7899999619
119,2,0.5499997139
119,3,0.5499997139
119,3,0.5599999428
119,3,0.5599999428
119,2,0.7899999619
119,2,0.7899999619
119,2,0.7899999619
119,6,0.6899995804
119,7,0.5899996758
119,3,0.7899999619
119,2,0.7899999619
119,2,0.5899996758
119,3,0.5899996758
119,3,0.7899999619
119,3,0.7899999619
119,3,0.7899999619
119,4,0.4899997711
119,3,0.6699995995
119,2,0.7899999619
119,3,0.7899999619
119,4,0.7899999619
119,2,0.7899999619
119,4,0.7899999619
119,7,0.5399999619
119,2,0.5399999619
119,5,0.6499996185
120,2,0.7899999619
120,4,0.6799998283
120,4,0.6799998283
120,2,0.6799998283
120,2,0.6799998283
120,3,0.6799998283
120,2,0.6799998283
120,4,0.6799998283
120,2,0.6799998283
120,2,0.6799998283
121,2,0.5899996758
121,2,0.7899999619
121,2,0.5499997139
121,2,0.6699995995
121,1,0.5899996758
121,1,0.6899995804
121,2,0.6899995804
121,2,0.7899999619
121,1,0.5499997139
122,2,0.5899996758
122,1,0.7899999619
122,1,0.5899996758
122,1,0.5899996758
122,1,0.7899999619
122,2,0.6700000167
122,2,0.5799999237
122,4,0.5499997139
122,1,0.5799999237
122,2,0.4899997711
122,2,0.5599999428
122,1,0.7899999619
122,1,0.7899999619
122,2,0.5899996758
122,2,0.7899999619
122,2,0.7899999619
122,1,0.7899999619
122,1,0.4699997902
123,1,0.6899995804
123,2,0.4799998999
123,4,0.5799999237
123,6,0.5799999237
123,6,0.5599999428
123,6,0.5799999237
123,6,0.5399999619
123,2,0.5899996758
123,4,0.5799999237
123,2,0.4899996519
123,2,0.6899995804
123,4,0.6799998283
123,4,0.529999733
123,2,0.7899999619
123,4,0.4899997711
123,2,0.6799998283
123,4,0.5499997139
123,4,0.6599998474
123,4,0.5399999619
123,2,0.4900000095
124,2,0.5
124,2,0.6700000167
124,1,0.7899999619
124,2,0.5899996758
124,2,0.5899996758
124,2,0.7899999619
124,2,0.5499997139
125,2,0.5899996758
125,1,0.7899999619
125,1,0.2100000381
125,1,0.7899999619
125,1,0.5899996758
125,1,0.5899996758
125,2,0.5399999619
125,2,0.5499997139
125,2,0.5399999619
125,2,0.5799999237
125,1,0.4899996519
125,1,0
125,2,0.5899996758
125,2,0.529999733
125,1,0.4899997711
125,2,0.7899999619
125,2,0.4899998903
126,1,0.5899996758
126,2,0.5
126,1,0.7899999619
126,1,0.5899996758
126,2,0.5899996758
126,1,0.5799999237
126,1,0.5499997139
126,1,0.5799999237
126,1,0.6899999976
126,1,0.5799999237
126,1,0.5499997139
126,1,0.6899995804
126,1,0.5899996758
126,2,0.5899996758
126,1,0.6899995804
126,1,0.7899999619
126,1,0.529999733
126,2,0.7899999619
126,2,0.7899999619
126,3,0.6699995995
126,2,0.4699997902
126,1,0.5399999619
126,1,0.5499997139
127,2,0.7899999619
127,3,0.7899999619
127,4,0.7899999619
127,3,0.7899999619
127,2,0.7899999619
127,2,0.4699997902
127,2,0.7899999619
128,1,0.6799998283
128,2,0.8899998665
128,1,0.6799998283
128,1,0.6799998283
128,1,0.6799998283
128,2,0.4899997711
128,6,0.4899997711
129,1,0.5899996758
129,1,0.5899996758
129,1,0.5899996758
129,2,0.5599999428
129,1,0.4499996901
129,1,0.6899995804
129,2,0.5799999237
129,1,0.5499997139
129,1,0.5499997139
129,3,0.4899997711
129,1,0.4899996519
129,1,0.6899995804
129,1,0.6799998283
129,1,0.6799998283
129,1,0.6699995995
129,1,0.6799998283
129,2,0.5499997139
129,2,0.7899999619
129,1,0.5899996758
129,1,0.6599998474
129,1,0.5399999619
129,2,0.5399999619
130,1,0.7899999619
130,1,0.7899999619
130,2,0.7899999619
130,1,0.6799998283
130,3,0.5799999237
130,1,0.6799998283
130,2,0.6799998283
130,3,0.5599999428
130,1,0.5799999237
130,1,0.5799999237
130,1,0.6799998283
131,1,1.4499998093
131,2,0.6899995804
131,1,0.5899996758
131,2,0.6899995804
131,1,0.7899999619
131,1,1.4899997711
131,1,0.6799998283
131,2,0.5799999237
131,1,0.7899999619
131,1,0.7899999619
131,1,1.4899997711
131,2,0.6899995804
131,1,0.529999733
131,2,0.7899999619
131,2,0.7899999619
131,2,0.7899999619
131,1,0.7899999619
131,2,0.5399999619
131,2,0.5399999619
131,2,0.5399999619
132,2,0.6599998474
132,6,0.5599999428
132,1,0.4799998999
132,2,0.4899996519
132,3,0.6899995804
132,2,0.5799999237
132,4,0.6899995804
132,6,0.5899996758
132,4,0.5499997139
132,2,0.5799999237
133,2,0.5799999237
133,1,0.6899995804
133,1,0.7899999619
133,1,0.6899995804
133,2,0.6799998283
133,2,0.6899995804
133,1,0.6899995804
133,2,0.4899996519
133,1,0.6899995804
133,4,0.4899997711
133,1,0.7899999619
133,3,0.5399999619
134,1,0.7899999619
134,1,0.7899999619
134,1,0.7899999619
134,1,0.7899999619
134,2,0.6700000167
134,1,0.7899999619
134,3,0.5899996758
134,5,0.5799999237
134,1,0.7899999619
134,6,0.5799999237
134,5,0.5799999237
134,5,0.5799999237
134,1,0.7899999619
134,1,0.7899999619
134,1,0.7899999619
134,1,0.7899999619
134,1,0.7899999619
134,1,0.7899999619
134,1,0.7899999619
135,2,0.5899996758
135,1,0.7899999619
135,1,1.4899997711
135,1,0.5499997139
135,1,0.5599999428
135,1,0.7899999619
135,1,1.4899997711
135,1,0.7899999619
135,1,1.4899997711
135,1,0.6499996185
135,2,0.6899995804
135,2,0.529999733
136,1,0.6899995804
136,2,0.4799998999
136,1,0.2499997616
136,2,0.5799999237
136,4,0.5399999619
136,2,0.5499997139
136,2,0.5599999428
136,1,0.4900000095
136,4,0.5799999237
136,4,0.6799998283
136,3,0.5899996758
136,2,0.5799999237
136,2,0.4899997711
136,1,0.5499997139
136,2,0.5499997139
136,2,0.5399999619
137,2,0.5899996758
137,2,0.7899999619
137,2,0.5799999237
137,2,0.6799998283
137,4,0.4899997711
137,2,0.5399999619
138,2,0.5799999237
138,2,0.5799999237
138,1,0.5799999237
138,1,0.5899996758
138,1,0.5599999428
138,1,0.6899995804
138,1,0.5899996758
139,1,0.7899999619
139,2,0.6799998283
139,1,0.7899999619
139,1,0.7899999619
139,1,0.7899999619
139,1,0.7899999619
139,1,0.5599999428
139,2,0.6799998283
139,2,0.4799998999
139,1,0.2499997616
139,1,0.5799999237
139,1,0.5399999619
139,2,0.5599999428
139,2,0.5499997139
139,2,0.4899996519
139,1,0.6899995804
139,1,0.5799999237
139,1,0.6799998283
139,1,0.6899995804
139,1,0.5799999237
139,2,0.4899996519
139,1,0.6799998283
139,1,0.6899995804
139,2,0.4899997711
139,1,0.6799998283
139,2,0.4899997711
139,1,0.6799998283
139,1,0.6799998283
139,1,0.5499997139
139,2,0.5799999237
139,1,0.6799998283
139,2,0.6799998283
139,1,0.5899996758
139,2,0.5399999619
139,2,0.4900000095
140,1,0.7899999619
140,3,0.5599999428
140,1,0.4799998999
140,1,0.7899999619
140,1,0.5399999619
140,2,0.6799998283
140,2,0.7899999619
140,1,0.4899997711
140,1,0.5499997139
140,1,0.5499997139
140,1,0.6899995804
140,2,0.5399999619
140,2,0.4899998903
141,1,0.6799998283
141,2,0.6899995804
141,2,0.4899996519
141,3,0.4899997711
141,1,0.529999733
141,2,0.7899999619
141,2,0.7899999619
142,2,0.5
142,2,0.6700000167
142,2,0.5899996758
142,2,0.5899996758
142,2,0.7899999619
143,2,0.7699999809
143,2,0.7699999809
143,2,0.7699999809
143,2,0.7699999809
143,1,0.6899995804
143,2,0.7699999809
143,1,0.6899995804
143,2,0.6499996185
143,1,0.7899999619
143,2,0.6499996185
143,2,0.6499996185
144,2,0.7899999619
144,4,0.5899996758
144,2,0.5399999619
144,1,0.7899999619
144,2,0.5699996948
145,1,0.4799998999
145,1,0.6799998283
145,2,0.5799999237
145,1,0.5399999619
145,1,0.5499997139
145,1,0.5899996758
145,1,0.6799998283
145,1,0.4899998903
145,2,0.5899996758
145,1,0.5799999237
145,1,0.7899999619
145,1,0.5899996758
145,1,0.5399999619
146,2,0.5
146,1,0.5899996758
146,1,0.5799999237
146,1,0.5799999237
146,1,0.5499997139
146,1,0.5499997139
146,2,0.5599999428
146,1,0.5899996758
146,1,0.5899996758
146,1,0.5899996758
146,1,0.529999733
146,2,0.7899999619
146,1,0.7899999619
147,2,0.7899999619
147,2,0.6899995804
147,2,0.6899995804
147,3,0.5899996758
147,4,0.4899997711
147,4,0.5799999237
147,2,0.5399999619
148,1,0.5899996758
148,2,0.5899996758
148,2,0.5
148,1,0.5899996758
148,1,0.7899999619
148,1,0.5799999237
148,2,0.7899999619
148,1,0.5799999237
148,1,0.5499997139
148,1,0.5799999237
148,1,0.7899999619
148,1,0.7899999619
148,2,0.7899999619
148,3,0.7899999619
148,1,0.7899999619
148,1,0.6899995804
148,1,0.6899995804
148,1,0.7899999619
148,1,0.5899996758
148,1,0.6899995804
148,1,0.7899999619
148,2,0.529999733
148,2,0.529999733
148,2,0.7899999619
148,1,0.7899999619
148,2,0.7899999619
148,2,0.7899999619
149,1,0.7899999619
149,1,0.5899996758
149,1,0.7899999619
149,1,0.7899999619
149,1,0.5799999237
149,1,0.5799999237
149,1,0.5899996758
150,3,0.6899995804
150,1,0.4799998999
150,1,0.6799998283
150,2,0.5599999428
150,2,0.7299995422
150,2,0.6799998283
150,2,0.5399999619
150,8,0.4899997711
150,2,0.4900000095
150,1,0.6799998283
150,2,0.4899998903
150,2,0.6799998283
150,2,0.6799998283
150,3,0.6799998283
150,3,0.5799999237
150,2,0.4899997711
150,1,0.5899996758
150,2,0.6799998283
150,2,0.6499996185
150,2,0.6599998474
150,2,0.4899998903
151,2,0.5899996758
151,3,0.5599999428
151,1,0.7899999619
151,2,0.5799999237
151,1,0.6799998283
151,1,0.5599999428
151,1,0.7899999619
151,1,0.6899995804
151,3,0.6799998283
151,2,0.529999733
151,3,0.6699995995
151,1,0.7899999619
151,1,0.7899999619
152,1,0.6799998283
152,2,0.6799998283
152,1,0.6799998283
152,1,0.5899996758
152,3,0.6599998474
152,2,0.5599999428
152,2,0.6799998283
152,2,0.4799998999
152,3,0.5599999428
152,1,0.7899999619
152,1,0.7899999619
152,1,0.7899999619
152,1,0.6799998283
152,1,0.5399999619
152,2,0.5599999428
152,1,0.6799998283
152,1,0.6799998283
152,1,0.6799998283
152,1,0.6799998283
152,1,0.6799998283
152,1,0.5799999237
152,1,0.6799998283
152,1,0.6799998283
152,2,0.6799998283
152,1,0.529999733
152,1,0.6799998283
152,1,0.6799998283
152,1,0.5799999237
152,1,0.6799998283
152,1,0.6799998283
152,1,0.6799998283
152,1,0.6799998283
152,1,0.6799998283
152,1,0.6799998283
152,2,0.6799998283
152,1,0.6799998283
153,1,0.5799999237
153,2,0.5799999237
153,3,0.5499997139
153,2,0.5
153,2,0.5899996758
153,1,0.6899995804
153,1,0.4499996901
153,1,0.6899995804
153,2,0.5399999619
153,2,0.6799998283
153,1,0.7699999809
153,2,0.5799999237
153,2,0.5899996758
153,2,0.6899995804
153,2,0.529999733
153,2,0.6799998283
153,2,0.3949999809
153,1,0.7899999619
153,2,0.5799999237
154,2,0.4899997711
154,2,0.5
154,2,0.5599999428
154,2,0.5899996758
154,1,0.4899996519
154,2,0.4899997711
154,2,0.4900000095
155,1,1.4499998093
155,8,0.6899995804
155,2,0.7699999809
155,2,0.7699999809
155,1,1.3299999237
155,3,0.6599998474
155,4,0.5799999237
155,2,0.6799998283
155,2,0.7699999809
155,2,0.7899999619
155,2,0.7899999619
155,3,0.7699999809
155,2,0.7899999619
155,2,0.7699999809
155,4,0.7699999809
155,2,0.7699999809
155,2,0.7699999809
155,6,0.7699999809
155,2,0.5899996758
155,2,0.6899995804
155,2,0.5899996758
155,2,0.7899999619
155,1,0.7899999619
155,2,0.7899999619
155,2,0.7899999619
155,2,0.7899999619
155,2,0.5899996758
155,2,0.7899999619
155,2,0.7899999619
155,2,0.7899999619
156,1,0.5499997139
156,1,0.5899996758
156,2,0.5799999237
156,1,0.7899999619
156,1,0.5499997139
156,1,0.7899999619
156,2,0.4699997902
156,2,0.4699997902
157,4,0.5899996758
157,2,0.4900000095
157,2,0.5
157,2,0.7899999619
157,2,0.6700000167
157,1,0.7899999619
157,2,0.5899996758
157,2,0.5599999428
157,1,0.6899995804
157,2,0.5899996758
157,2,0.4799998999
157,1,0.6899995804
157,2,0.4499996901
157,4,0.6899995804
157,4,0.5799999237
157,2,0.5399999619
157,4,0.5499997139
157,4,0.5399999619
157,8,0.4899997711
157,1,0.2499997616
157,1,0.4899996519
157,1,0.7899999619
157,1,0
157,2,0.5499997139
157,2,0.5799999237
157,2,0.7899999619
157,2,0.6899995804
157,2,0.6899995804
157,2,0.6899995804
157,2,0.7899999619
157,2,0.6899995804
157,4,0.5899996758
157,2,0.4899996519
157,2,0.6799998283
157,1,0.0999999046
157,1,0.6899995804
157,4,0.4899997711
157,2,0.5899996758
157,2,0.529999733
157,2,0.7899999619
157,2,0.7899999619
157,2,0.6799998283
157,4,0.6899995804
157,2,0.5499997139
157,2,0.5899996758
157,2,0.6499996185
157,4,0.5799999237
157,2,0.5399999619
157,2,0.5399999619
157,4,0.5399999619
157,2,0.4900000095
158,1,0.7899999619
158,3,0.6599998474
158,1,0.4799998999
158,1,0.6799998283
158,2,0.5599999428
159,2,0.4899997711
159,1,0.6899995804
159,4,0.4899997711
159,3,0.5899996758
159,4,0.5899996758
160,2,0.5
160,1,0.5399999619
160,2,0.6899995804
160,1,0.6799998283
160,1,0.4899996519
160,1,0.6899995804
161,2,0.5
161,4,0.5899996758
161,2,0.5899996758
161,2,0.5799999237
161,2,0.5799999237
161,2,0.5799999237
161,2,0.5799999237
161,2,0.5499997139
161,4,0.5799999237
161,1,0.5499997139
161,2,0.5599999428
161,4,0.5899996758
161,2,0.5899996758
161,2,0.5899996758
161,3,0.5899996758
161,2,0.6899995804
161,2,0.529999733
161,2,0.7899999619
161,2,0.3949999809
161,3,0.6699995995
161,4,0.5399999619
161,2,0.5499997139
162,2,0.6899995804
162,4,0.5599999428
162,4,0.5899996758
162,6,0.5899996758
162,2,0.4899996519
162,2,0.7899999619
163,2,0.6799998283
163,2,0.7299995422
163,2,0.5599999428
163,2,0.4799998999
163,2,0.5599999428
163,2,0.5799999237
163,2,0.5799999237
163,1,0.5399999619
163,2,0.6799998283
163,1,0.5599999428
163,1,0.5399999619
163,2,0.7299995422
163,2,0.5799999237
163,3,0.6499996185
163,1,0.6799998283
163,1,0.6499996185
163,1,0.6499996185
163,2,0.6799998283
163,4,0.6799998283
163,2,0.6799998283
164,1,0.5899996758
164,1,0.7899999619
164,1,0.7899999619
164,2,0.5899996758
164,1,0.5899996758
164,1,0.6799998283
164,1,0.7899999619
164,1,0.5799999237
164,1,0.7899999619
164,1,0.7899999619
164,1,0.7899999619
164,1,0.7899999619
164,2,0.5599999428
164,1,0.7899999619
164,2,0.4699997902
165,2,0.5899996758
165,3,0.6799998283
165,2,0.6799998283
165,3,0.6799998283
165,3,0.5499997139
165,3,0.4899997711
165,3,0.6799998283
165,3,0.6799998283
165,3,0.5399999619
165,1,0.5399999619
166,1,0.5899996758
166,2,0.7899999619
166,4,0.5899996758
166,1,0.6899995804
166,1,0.5499997139
167,6,0.5899996758
167,3,0.5499997139
167,2,0.5499997139
167,1,0.5799999237
167,1,0.5799999237
167,2,0.5799999237
167,2,0.5799999237
167,2,0.5899996758
167,3,0.6699995995
167,2,0.6499996185
168,2,0.6700000167
168,4,0.5899996758
168,2,0.5899996758
168,1,0.7899999619
168,2,0.6899995804
168,2,0.6099996567
168,4,0.6899995804
168,2,0.6899995804
168,4,0.5899996758
168,1,0.6899995804
168,1,1.4899997711
168,4,0.7899999619
168,2,0.7899999619
168,3,0.6899995804
168,2,0.6899995804
168,2,0.7899999619
168,3,0.7899999619
168,4,0.6699995995
168,2,0.7899999619
168,2,1.4899997711
168,7,0.5399999619
168,3,0.7899999619
169,5,0.5799999237
169,4,0.5399999619
169,1,0.5599999428
169,6,0.6899995804
169,2,0.6899995804
169,2,0.7899999619
169,3,0.6899995804
169,8,0.4899997711
169,5,0.6799998283
170,1,0.7899999619
170,1,0.7899999619
170,2,0.7899999619
170,2,0.5899996758
170,2,0.5
170,2,0.6700000167
170,1,0.7899999619
170,1,0.7899999619
170,1,0.7899999619
170,2,0.5799999237
170,1,0.7899999619
170,2,0.5499997139
170,2,0.5799999237
170,2,0.5499997139
170,2,0.6899995804
170,2,0.5899996758
170,1,0.7899999619
171,1,0.6899995804
171,1,0.2499997616
171,2,0.4499996901
171,1,0.5799999237
171,1,0.5799999237
171,1,0.4899996519
171,1,0.6899995804
171,1,0.7899999619
171,2,0.5899996758
171,1,0.0999999046
171,2,0.6899995804
171,1,0.6899995804
172,2,0.5899996758
172,1,0.7899999619
172,1,0.5899996758
172,2,0.5
172,1,0.5500000715
172,1,0.5899996758
172,1,0.5599999428
172,1,0.5399999619
172,1,0.4899997711
172,1,0.5799999237
173,2,0.5
173,2,0.6700000167
173,2,0.5899996758
173,1,0.7899999619
173,2,0.5799999237
173,2,0.5799999237
173,2,0.5499997139
173,4,0.5599999428
173,3,0.5899996758
173,4,0.529999733
173,2,0.7899999619
173,2,0.5399999619
174,1,0.7899999619
174,1,0.5799999237
174,1,0.5799999237
174,2,0.6899995804
174,1,0.7899999619
174,1,0.5899996758
174,2,0.4899997711
174,1,0.7899999619
174,1,0.5899996758
175,1,0.5899996758
175,1,0.5899996758
175,2,0.6899995804
175,1,0.6899995804
175,1,0.6799998283
175,1,0.6899995804
175,2,0.5799999237
175,2,0.5799999237
175,2,0.4299998283
175,1,0.6799998283
175,1,0.6799998283
175,1,1.3699998856
175,2,0.6799998283
175,1,0.6799998283
175,1,0.6699995995
175,1,0.6699995995
175,1,1.3699998856
175,2,0.6799998283
175,2,0.6799998283
175,1,0.6899995804
175,1,0.6899995804
175,2,0.7899999619
175,4,0.5399999619
176,2,0.5899996758
176,2,0.7899999619
176,3,0.7899999619
176,2,0.5799999237
176,2,0.6799998283
177,2,0.5399999619
177,2,0.6699995995
177,1,0.6899995804
177,1,0.7899999619
177,2,0.6799998283
178,1,0.7299995422
178,1,0.5599999428
178,1,0.5599999428
178,2,0.7299995422
178,2,0.7299995422
178,2,0.7299995422
178,2,0.5399999619
178,1,0.6799998283
178,3,0.6799998283
178,2,0.6899995804
178,3,0.6899995804
178,1,0.6799998283
178,3,0.6799998283
178,2,0.6899995804
178,2,0.7899999619
178,1,0.5799999237
178,2,0.6899995804
178,2,0.6899995804
178,2,0.6899995804
178,2,0.5799999237
178,2,0.5399999619
178,2,0.4899998903
179,4,0.5399999619
179,2,0.7899999619
179,2,0.6799998283
179,4,0.6699995995
179,4,0.6799998283
179,3,0.6799998283
179,2,0.6799998283
179,4,0.6799998283
179,4,0.6899995804
179,3,0.6899995804
179,4,0.5799999237
179,5,0.5399999619
180,2,0.4799998999
180,2,0.5599999428
180,2,0.5399999619
180,2,0.5599999428
180,3,0.6899995804
180,2,0.6899995804
180,2,0.6899995804
180,1,0.6699995995
180,2,0.7699999809
180,1,0.7699999809
180,3,0.7699999809
180,2,0.6899995804
180,2,0.6899995804
180,1,0.6899995804
180,1,0.6799998283
180,2,0.6799998283
180,2,0.5899996758
180,3,0.5899996758
180,3,0.7899999619
180,2,0.5499997139
180,4,0.6799998283
181,1,0.7899999619
181,2,0.7899999619
181,3,0.6599998474
181,2,0.5899996758
181,2,0.7299995422
181,3,0.5799999237
181,2,0.7299995422
181,2,0.6899995804
181,3,0.5399999619
181,1,0.6799998283
181,1,0.6899995804
181,1,0.6899995804
181,1,0.6699995995
181,2,0.5799999237
181,1,0.6799998283
181,2,0.6899995804
181,1,0.6799998283
181,2,0.4899996519
181,1,0.6899995804
181,2,0.6899995804
181,2,0.6799998283
181,2,0.6799998283
181,2,0.6799998283
181,2,0.6799998283
181,1,0.5799999237
181,2,0.6799998283
181,2,0.5399999619
182,2,0.5899996758
182,2,0.5
182,2,0.6700000167
182,4,0.5799999237
182,2,0.5799999237
182,2,0.5899996758
182,1,0.6899995804
182,4,0.529999733
182,2,0.6799998283
182,1,0.4899998903
182,1,0.7899999619
183,1,0.6899995804
183,4,0.5599999428
183,2,0.7899999619
183,3,0.5399999619
183,2,0.4899996519
183,2,0.4899996519
183,4,0.5799999237
183,2,0.6799998283
183,1,0.6899995804
183,2,0.6499996185
183,2,0.4899996519
183,5,0.6899995804
183,2,0.6799998283
183,4,0.5499997139
183,2,0.7899999619
183,3,0.5799999237
183,3,0.5499997139
183,2,0.6599998474
183,2,0.6599998474
183,5,0.5399999619
184,2,0.7899999619
184,2,0.6700000167
184,2,0.6899995804
184,2,0.5799999237
184,2,0.5399999619
184,1,0.5499997139
184,2,0.4899996519
184,1,0.4899996519
184,1,0.6899995804
184,2,0.6499996185
184,3,0.6899995804
184,3,0.6899995804
184,2,0.6899995804
184,1,0.4899996519
184,2,0.6799998283
184,2,0.5499997139
184,3,0.5899996758
184,3,0.5799999237
184,2,0.4900000095
185,1,0.6899995804
185,1,0.5899996758
185,2,0.5499997139
185,1,0.7899999619
185,1,0.5799999237
185,1,0.5599999428
185,1,0.6799998283
185,1,0.7899999619
185,1,0.5899996758
185,1,0.7899999619
185,2,0.529999733
185,1,0.7899999619
185,1,0.6499996185
185,2,0.6899995804
185,1,0.5699996948
186,2,0.6899995804
186,2,0.9099998474
186,2,0.6899995804
186,3,0.6899995804
186,2,0.6899995804
186,1,0.6799998283
186,2,0.5499997139
186,2,0.6799998283
186,2,0.6799998283
186,2,0.6699995995
186,2,0.6799998283
186,2,0.6799998283
186,1,0.6899995804
186,2,0.6899995804
186,2,0.6899995804
186,2,0.6899995804
186,2,0.5899996758
186,2,0.6699995995
186,2,0.5699996948
187,2,0.5
187,4,0.5599999428
187,2,0.4799998999
187,4,0.5499997139
187,2,0.5399999619
187,2,0.4899996519
187,6,0.5499997139
187,5,0.5899996758
188,2,0.5799999237
188,1,0.5499997139
188,1,0.5899996758
188,1,0.7899999619
188,3,0.5899996758
188,2,0.7899999619
188,1,0.7899999619
188,1,0.4699997902
189,2,0.5799999237
189,2,0.5
189,2,0.6700000167
189,2,0.6700000167
189,1,0.5899996758
189,2,0.5899996758
189,2,0.5599999428
189,1,0.2499997616
189,1,0.5799999237
189,2,0.5799999237
189,2,0.5799999237
189,1,0.5599999428
190,1,0.5799999237
190,1,0.5599999428
190,1,0.5899996758
190,2,0.7899999619
190,1,0.7899999619
190,1,0.5399999619
190,1,0.5399999619
191,6,0.5799999237
191,6,0.5799999237
191,8,0.5499997139
191,6,0.6899995804
191,3,0.5399999619
191,6,0.5399999619
192,1,0.7899999619
192,2,0.7899999619
192,1,0.7899999619
192,2,0.6899995804
192,2,0.7899999619
192,1,0.6899995804
192,1,0.7899999619
192,1,1.4899997711
192,1,0.7899999619
192,2,0.5799999237
193,2,0.6799998283
193,2,0.6799998283
193,1,0.5799999237
193,2,0.6599998474
193,2,0.5399999619
194,2,0.5899996758
194,4,0.5899996758
194,3,0.5599999428
194,2,0.4799998999
194,2,0.5799999237
194,2,0.5599999428
194,3,0.5899996758
194,1,0.4900000095
194,3,0.6699995995
194,2,0.7899999619
194,2,0.5799999237
194,1,0.6799998283
194,2,0.6799998283
194,2,0.5399999619
195,2,0.7899999619
195,1,0.7899999619
195,1,0.7899999619
195,1,0.7299995422
195,2,0.4899996519
195,1,0.6899995804
195,1,0.6699995995
195,2,0.5799999237
195,2,0.6799998283
195,1,0.5799999237
195,2,0.5799999237
195,1,0.6899995804
195,1,0.6899995804
195,1,0.6899995804
195,2,0.6799998283
195,2,0.5799999237
195,3,0.5499997139
195,3,0.5799999237
196,1,0
196,1,0.4899996519
196,1,0.6899995804
196,2,0.5899999142
196,1,0.4899998903
197,2,0.9899997711
197,1,0.6899995804
197,1,0.6799998283
197,1,0.6799998283
197,2,0.6899995804
197,1,0.5799996257
197,1,0.6899995804
197,2,0.6899995804
197,3,0.5699996948
198,2,0.5500000715
198,2,0.4899997711
198,2,0.5899996758
198,2,0.5599999428
198,2,0.6799998283
198,1,0.6899995804
198,2,0.4799998999
198,2,0.5599999428
198,1,0.4499996901
198,1,0.6899995804
198,2,0.5799999237
198,3,0.5799999237
198,2,0.5399999619
198,1,0.6799998283
198,2,0.6799998283
198,1,0.6599998474
198,1,0.6799998283
198,1,0.6899995804
198,1,0.5599999428
198,1,0.9899997711
198,1,0.6899995804
198,1,0.6899995804
198,3,0.6799998283
198,1,0.7899999619
198,2,0.6899995804
198,4,0.4899997711
198,2,0.6799998283
198,2,0.5499997139
198,1,0.7899999619
198,2,0.6899995804
198,2,0.5499997139
198,2,0.6899995804
198,1,0.5899996758
198,3,0.5799999237
198,1,0.5399999619
198,2,0.5399999619
198,2,0.4899998903
199,4,0.5799999237
199,3,0.4899997711
199,5,0.7899999619
199,2,0.6899995804
199,4,0.6899995804
199,2,0.7899999619
199,3,0.4699997902
200,2,0.5899996758
200,1,0.5799999237
200,2,0.5799999237
200,2,0.5899996758
200,2,0.5799999237
200,1,0.7899999619
